Name,Key
75201 Dallas,75201
75202 Dallas,75202
75203 Dallas,75203
75204 Dallas,75204
75205 Dallas,75205
75206 Dallas,75206
75207 Dallas,75207
75208 Dallas,75208
75209 Dallas,75209
75210 Dallas,75210
75211 Dallas,75211
75212 Dallas,75212
75214 Dallas,75214
75215 Dallas,75215
75216 Dallas,75216
75217 Dallas,75217
75218 Dallas,75218
75219 Dallas,75219
75220 Dallas,75220
75223 Dallas,75223
75224 Dallas,75224
75225 Dallas,75225
75226 Dallas,75226
75227 Dallas,75227
75228 Dallas,75228
75229 Dallas,75229
75230 Dallas,75230
75231 Dallas,75231
75232 Dallas,75232
75233 Dallas,75233
75234 Dallas,75234
75235 Dallas,75235
75236 Dallas,75236
75237 Dallas,75237
75238 Dallas,75238
75240 Dallas,75240
75241 Dallas,75241
75243 Dallas,75243
75244 Dallas,75244
75246 Dallas,75246
75247 Dallas,75247
75248 Dallas,75248
75249 Dallas,75249
75251 Dallas,75251
75252 Dallas,75252
75253 Dallas,75253
75254 Dallas,75254
75261 Dallas,75261
